Breed Name,Weight(g),Height(cm),Longevity(yrs),Energy level,Attention Needs,Coat Lenght,Sex,Owner Name
Boxer,26543.5371,57.4573,10.0995,high,med,short,male,Kelly
Boxer,26025.6217,,9.556,high,high,short,female,Heath
French Bulldog,11010.6222,29.7543,11.0604,med,high,short,male,Watts
Boxer,30407.2704,60.7385,9.4011,high,high,short,male,Page
Rottweiler,43298.921,,8.5136,med,high,short,female,Sullivan
Rottweiler,45545.6336,64.0186,9.7858,med,high,short,male,Baldwin
French Bulldog,10742.5071,28.5554,9.8898,med,high,short,female,Bradford
Rottweiler,44622.3142,64.0519,9.1423,med,high,short,female,Pollard
Boxer,28024.3844,56.6882,7.2638,high,high,short,female,Casey
Boxer,32488.1735,56.6639,8.8175,high,high,short,male,Tyler
Boxer,28467.4694,61.6554,9.7829,high,high,short,male,Garcia
French Bulldog,12804.3933,29.1849,10.011,med,high,short,female,Anderson
Boxer,32107.8586,61.9592,8.6387,high,high,med,male,Ritter
French Bulldog,12082.8652,27.8587,10.365,high,high,short,female,Stein
Daschhund,10397.1751,,13.348,high,med,med,male,Guerra
Daschhund,7224.7614,20.3073,13.4297,high,med,short,male,Garza
French Bulldog,11869.6243,28.8108,10.6698,med,high,short,female,Mclean
Boxer,25649.3808,57.7718,10.0536,high,high,short,female,Carlos
French Bulldog,12191.1873,28.8915,9.0194,med,high,short,male,Fowler
French Bulldog,11292.4598,,9.079,med,high,short,female,Richardson
Boxer,25596.0922,56.5508,8.8048,med,high,short,female,Atkinson
Rottweiler,41909.4192,63.9272,8.1125,low,high,short,male,Harris
Boxer,31122.8622,60.3199,7.5113,high,high,med,female,Wood
Daschhund,12618.8352,20.2404,13.4908,high,med,short,male,White
French Bulldog,11933.082,28.5707,10.4477,med,high,med,male,Crane
French Bulldog,11652.7901,29.2936,11.3641,med,high,short,female,Hood
Rottweiler,54203.3823,,8.6693,med,high,short,female,Dunn
Rottweiler,52332.1781,63.8976,8.6818,low,high,short,male,Matthews
French Bulldog,12552.0591,27.8872,9.5102,med,high,short,male,Allen
French Bulldog,12177.9785,28.8734,10.017,high,high,short,female,Murphy
Rottweiler,41524.8883,63.0313,8.0571,low,high,short,female,Carter
French Bulldog,12697.3502,,10.631,med,high,short,male,Owens
Daschhund,7853.5648,21.6392,13.4798,high,med,short,male,Morse
Boxer,27509.6756,58.3324,8.6306,high,high,med,male,Palmer
Daschhund,18587.4591,21.457,13.2204,med,med,short,male,Jasmin
Boxer,31282.6171,59.8203,10.1089,med,high,short,female,Jordan
Boxer,25851.7459,58.929,9.7219,high,high,short,male,Saunders
Rottweiler,54019.2944,64.2356,8.1924,med,high,short,female,Merritt
Rottweiler,46942.506,63.233,9.6988,med,high,short,male,Smith
Rottweiler,24398.1428,63.048,10.3488,high,high,short,male,Brown
Daschhund,10102.7396,20.4147,13.7684,high,med,short,female,Rivera
Rottweiler,61054.4283,61.524,9.1448,high,high,short,female,George
Boxer,31650.5017,58.0895,9.312,high,med,short,female,Avery
Boxer,26251.609,58.7462,8.2353,high,high,short,female,Cooper
Boxer,27643.3109,59.6886,10.3376,high,high,short,female,Ramsey
French Bulldog,12658.8153,29.7981,10.2061,low,high,med,female,Bailey
Boxer,27535.548,55.7703,8.4483,high,high,med,female,Green
Rottweiler,47184.3666,63.3389,11.1826,med,high,short,female,Collins
French Bulldog,12394.7878,29.7593,10.6943,low,high,short,male,Ford
Rottweiler,58055.143,64.4073,10.8758,med,high,short,female,Young
Rottweiler,60376.8871,64.6385,9.4303,low,med,short,male,Jones
French Bulldog,12853.5574,29.2857,10.4415,med,med,short,female,Kelley
Rottweiler,52948.8188,61.9013,9.1464,med,med,short,female,Warren
Daschhund,8995.5126,20.7118,13.4669,high,med,short,male,Rodriguez
Boxer,21734.5288,58.396,9.1661,high,high,short,male,Dunn
Boxer,33008.4997,,9.0972,med,high,short,male,Williams
Daschhund,5849.1133,21.6333,13.3744,high,med,short,male,Ellison
French Bulldog,12275.8039,28.8868,9.4021,low,high,short,female,Tyler
French Bulldog,11372.9087,28.637,10.2149,med,med,short,female,Klein
French Bulldog,12045.9363,28.7295,9.6295,med,med,short,female,Coleman
Rottweiler,55127.8353,,8.8857,med,high,short,male,Jackson
Rottweiler,41687.9249,,9.9428,med,high,short,female,Cummings
Rottweiler,60595.2829,,9.9576,med,high,short,female,Brown
Daschhund,4767.3156,21.4679,12.0989,high,med,short,female,Watson
Boxer,29665.2188,60.6965,8.9564,high,high,short,male,Johnson
French Bulldog,12144.5754,28.2566,11.1719,med,high,short,male,Medina
French Bulldog,11629.1886,28.2178,9.0854,med,high,short,male,Walker
Boxer,29574.4888,57.5707,9.4159,high,high,short,male,Dominguez
Rottweiler,52284.2177,,9.8089,med,high,med,male,Thomas
Daschhund,6081.3661,20.2195,13.1638,high,med,short,male,Douglas
Rottweiler,45067.9244,63.6936,10.5055,med,high,short,male,Jones
Daschhund,11974.4917,20.8898,11.7687,high,med,med,male,Lewis
French Bulldog,12834.3411,28.8044,10.0686,high,high,short,female,Blackwell
Boxer,23496.1256,57.6992,7.9251,med,high,short,female,Wells
Daschhund,8628.555,20.3692,13.4809,med,med,short,male,Bryant
French Bulldog,12505.9385,28.7601,10.1106,med,med,short,female,Haas
Boxer,27727.797,58.6084,9.2476,high,high,short,male,Estrada
French Bulldog,12143.9586,28.6268,10.5365,med,high,short,male,Arias
Daschhund,7637.5778,21.5389,13.0675,high,med,short,female,Briggs
Rottweiler,40450.4707,,10.5449,med,high,short,male,Chang
French Bulldog,12024.8246,29.7022,10.3085,med,high,short,female,Gates
French Bulldog,11957.798,28.9087,9.6516,med,high,short,female,Andrews
Daschhund,9105.6214,21.0659,14.0859,high,med,short,female,Carr
Daschhund,9565.6022,20.6334,13.7518,high,med,short,female,Roberts
Rottweiler,58398.8532,64.983,9.605,med,high,short,male,Wright
Rottweiler,51516.6767,63.8011,8.2234,med,high,med,male,Hess
Rottweiler,51695.0984,64.1423,9.9194,med,high,med,male,Love
Boxer,30124.4352,58.3125,9.075,high,high,short,male,Meyer
Daschhund,7148.4905,20.3836,12.0969,high,med,short,female,Byrd
French Bulldog,12486.5894,29.1263,10.9619,med,high,short,male,Stewart
Daschhund,11711.4477,21.0951,12.7748,high,med,short,female,Mack
Boxer,25283.7627,59.8079,9.032,med,high,med,female,Foster
Rottweiler,50871.7584,62.9815,10.0796,med,high,short,female,Hatfield
French Bulldog,11852.4145,28.3974,9.1974,high,high,short,female,Horton
Boxer,36347.0926,57.4021,8.6315,high,high,short,male,Williams
Daschhund,9099.3392,21.3611,12.2749,med,med,short,female,Wright
French Bulldog,11423.0377,,9.2609,low,high,short,male,Pratt
Daschhund,10322.2427,20.6746,13.0965,high,med,short,male,Pierce
French Bulldog,11277.2098,,9.9942,med,high,short,male,Johnson
Rottweiler,48423.2749,62.587,9.3651,med,high,short,male,Lewis
Daschhund,5648.9982,21.4407,12.6662,high,med,short,female,Ayala
Rottweiler,52197.0299,62.4637,9.9181,med,med,short,female,Bennett
French Bulldog,12070.9155,28.8462,10.8443,med,high,short,female,Gonzalez
French Bulldog,11171.9606,29.2104,9.7641,high,med,short,female,Montoya
Rottweiler,48311.9331,63.3614,9.9978,med,high,short,female,Boyd
French Bulldog,11834.0567,27.6756,9.5543,med,high,short,female,Ellis
French Bulldog,12836.0361,29.1334,9.7834,med,high,short,male,Thomas
French Bulldog,13374.0466,29.7291,9.5374,high,high,short,female,Brooks
Rottweiler,53201.4224,61.3711,10.574,med,high,short,male,Montoya
Boxer,32245.4653,58.8122,8.9494,high,high,short,female,Mendoza
Boxer,26418.6253,59.6363,8.4702,high,med,short,female,Griffin
French Bulldog,10513.1701,29.3593,10.6019,med,high,med,male,Mitchell
French Bulldog,12258.749,27.8285,10.3071,high,med,short,female,Wood
Boxer,30715.4019,58.054,8.8539,high,med,med,female,Hunter
French Bulldog,12367.7894,,9.4324,med,high,med,male,Cline
Daschhund,12382.1029,21.0183,12.6536,high,high,short,female,Russell
Daschhund,6620.1564,20.8261,12.7341,high,med,med,male,Bartlett
Rottweiler,53965.3835,62.7224,8.5512,med,high,short,male,Padilla
Daschhund,12789.4246,21.164,12.3368,high,med,short,male,Henry
French Bulldog,12157.0132,28.6741,10.0353,high,high,short,male,Jones
Daschhund,10191.9337,,13.142,high,med,short,male,Marshall
Rottweiler,47386.3768,62.6196,10.0668,med,high,short,male,Wallace
Rottweiler,53200.4045,64.0642,10.2135,med,high,short,female,Mcfarland
Boxer,30598.1021,59.6253,8.6009,med,high,short,female,Jones
Daschhund,6463.4516,,12.7555,high,med,short,female,Johnson
Rottweiler,54487.666,62.5082,9.4774,med,high,short,male,Snyder
French Bulldog,11541.0441,29.4669,10.3612,med,high,short,male,Mendoza
Daschhund,12397.3347,21.9161,12.6036,med,med,short,female,Davis
French Bulldog,10866.3348,29.0887,10.3405,med,high,short,female,Golden
Boxer,31857.9914,56.4059,9.162,high,high,short,male,Johnson
Boxer,27351.5688,,7.9876,high,high,short,female,Elliott
Daschhund,5035.1407,20.7854,12.5143,high,med,short,male,Rodriguez
Rottweiler,47388.86,61.5279,9.7824,med,high,med,male,Sanchez
French Bulldog,11594.0612,28.5165,10.0377,med,high,short,female,Proctor
Daschhund,16190.9784,20.912,13.3912,high,low,short,male,White
Boxer,28088.2319,60.0889,9.6682,high,high,short,male,Foster
French Bulldog,11709.9877,29.6577,9.5886,med,med,short,female,Riggs
Rottweiler,56920.5702,60.7648,9.6545,med,high,short,female,Harrell
Daschhund,5428.2423,21.6532,12.2552,med,med,short,female,Bennett
Daschhund,11063.6662,20.4367,12.5405,high,med,short,male,Walters
Boxer,26639.9011,,8.8563,high,high,short,male,Campbell
Boxer,23820.8538,59.345,9.1876,high,high,short,female,Roman
Daschhund,6862.7784,21.7174,13.511,high,med,med,male,Clay
French Bulldog,11364.3838,28.394,10.0022,low,high,short,male,Briggs
Boxer,28461.4086,58.3684,9.5093,high,high,short,male,Reed
French Bulldog,11754.4471,29.0314,9.4865,med,high,short,female,Craig
Daschhund,16714.501,22.0965,13.2122,high,med,short,male,Garcia
French Bulldog,12210.8948,29.1241,9.9543,med,high,short,female,Larson
French Bulldog,12573.5435,28.6394,9.5118,med,high,short,female,Figueroa
Daschhund,10225.6825,,13.0733,high,high,short,male,Hernandez
French Bulldog,12036.4818,28.9095,10.2639,med,high,short,female,Henry
French Bulldog,10979.0349,28.1479,10.5871,low,high,short,male,Jones
French Bulldog,11957.3835,28.416,10.7397,low,high,short,male,Church
Rottweiler,36648.4045,,10.7474,high,med,short,female,Davis
Rottweiler,41703.2059,62.6285,9.9334,med,high,med,male,Roberts
Boxer,32289.0371,57.6638,8.0705,high,high,short,female,Parker
Boxer,33576.2446,,8.0618,high,high,short,female,Williams
Boxer,26140.953,58.5993,9.6013,high,high,short,female,Hall
Daschhund,6095.375,21.157,12.739,high,med,short,female,Francis
French Bulldog,12512.7844,28.106,8.5057,med,high,short,male,Williams
Daschhund,11940.176,20.6033,12.9399,high,med,short,male,Cross
Rottweiler,45897.1688,63.1942,10.4125,med,high,short,female,Phillips
Daschhund,12754.8296,21.2804,12.6958,high,med,short,female,Jones
French Bulldog,11910.2134,29.3976,10.7463,high,high,short,male,Nicholson
French Bulldog,12414.4723,29.9388,8.8971,low,high,med,female,Bradshaw
Boxer,36661.706,58.2879,9.7068,high,high,short,female,Francis
French Bulldog,12593.9701,28.6947,9.7533,med,high,short,female,Wilson
Rottweiler,45727.1541,64.7517,9.1224,low,high,short,female,Parker
Rottweiler,47460.7836,64.6556,8.4361,high,high,short,male,Deleon
Daschhund,9024.0811,,12.8231,med,high,short,female,Ruiz
French Bulldog,12532.4735,29.3285,10.0546,high,high,short,female,Bell
Rottweiler,50309.1084,64.3447,7.9946,med,high,short,female,Ramirez
Daschhund,3590.6514,20.8413,12.6476,high,med,short,male,Collins
Boxer,34303.9298,55.9828,8.7089,high,high,short,male,Young
Rottweiler,46088.886,,9.3908,med,high,short,male,Diaz
Boxer,30114.9761,,9.0035,high,high,short,female,Day
Daschhund,15053.9465,,12.1603,high,med,short,male,Roach
Daschhund,4842.7819,21.6024,13.0568,high,low,short,female,Hall
French Bulldog,11718.4125,28.8081,10.195,med,high,short,female,Jacobs
Rottweiler,50431.8125,62.1752,8.4725,high,high,short,male,Powell
Daschhund,11591.5047,20.5256,13.4316,high,low,short,male,Boone
Rottweiler,43518.1901,64.6722,9.8467,med,high,med,female,Knight
Boxer,36235.8867,57.1643,9.3278,med,high,short,male,Bailey
Rottweiler,52487.4349,60.2398,9.9244,high,high,short,male,Camacho
Daschhund,11374.5934,,13.4073,high,low,short,male,Casey
Rottweiler,40894.9819,64.0409,10.3279,med,high,short,male,Brown
Boxer,32096.9693,,9.1451,high,high,short,female,Ellis
Rottweiler,49343.4368,62.531,9.6123,med,med,short,female,Holden
Daschhund,6151.5808,,13.8254,high,med,short,female,Russell
French Bulldog,11298.7931,28.6078,9.3971,med,high,short,male,Malone
French Bulldog,11330.0784,29.2304,8.5963,med,high,short,female,Summers
French Bulldog,11806.2933,,9.7751,med,high,short,male,Rodriguez
French Bulldog,11901.2505,,11.2154,high,high,short,male,Sanders
French Bulldog,11057.4009,29.113,10.1617,med,high,short,female,Quinn
French Bulldog,11887.3262,,11.1204,low,high,short,female,Webb
Rottweiler,51136.6886,62.601,10.4291,med,high,short,female,Porter
French Bulldog,11529.4862,28.4344,10.0675,med,high,short,female,Johnston
Rottweiler,42995.0218,63.6689,9.0994,med,high,short,female,Vasquez
Daschhund,15286.3221,21.2996,13.2974,high,med,short,female,Ellison
French Bulldog,11833.5448,28.656,9.7924,med,high,short,female,Wood
Daschhund,6537.9735,21.2192,13.1519,high,med,short,male,White
Rottweiler,49455.9525,61.5791,11.5131,med,high,short,male,Johnson
Rottweiler,57352.1882,63.0317,8.1293,med,med,short,female,Patterson
Daschhund,7801.976,20.6644,13.8949,high,med,short,male,Ruiz
Daschhund,10301.1359,22.0241,12.3494,high,med,short,female,King
French Bulldog,12423.4954,28.16,10.3978,med,high,short,male,Sharp
French Bulldog,11032.2778,30.5775,10.3988,med,high,short,male,Greene
Daschhund,10473.4486,21.0127,13.962,high,med,short,male,Henson
Boxer,29299.213,56.716,9.3921,high,high,short,male,Gibbs
Daschhund,9292.8921,,13.4609,high,med,short,male,Strickland
Boxer,27735.2031,60.0869,8.0079,high,high,short,male,Wilson
French Bulldog,12137.4368,,11.3986,med,high,short,male,Weaver
Boxer,29278.028,56.1071,10.1601,high,high,short,female,Stokes
Daschhund,10879.0175,21.6997,12.1654,med,med,short,female,Rodriguez
Daschhund,8393.046,,12.9234,med,med,med,male,Brown
French Bulldog,12252.1453,29.0365,9.9322,med,high,short,male,Moore
Boxer,23776.8892,57.7054,9.8082,high,high,med,male,Cooper
Daschhund,7707.7689,,12.6849,high,med,short,female,Smith
Rottweiler,39964.0723,62.9033,10.785,med,high,short,female,Carter
French Bulldog,12589.8705,29.5965,10.1909,med,high,short,male,Francis
Rottweiler,46101.7982,64.1549,10.1964,med,high,short,male,Brewer
Daschhund,15112.4316,20.6989,12.5487,high,med,short,male,Anderson
French Bulldog,11621.7309,29.3479,10.1314,low,high,short,male,Johnston
Boxer,24415.6919,58.6666,9.2439,high,high,short,male,Owens
French Bulldog,12695.343,29.1823,9.0348,med,high,short,female,Weaver
French Bulldog,12538.4832,28.482,9.3742,med,high,short,male,Freeman
French Bulldog,12659.7303,28.4445,10.5883,high,high,short,male,Haynes
Boxer,33717.4183,59.3868,8.6637,high,high,short,male,Holmes
Boxer,31395.0277,59.1243,8.8207,med,high,short,female,Williams
Rottweiler,47738.352,64.3726,8.8895,med,med,short,female,Shaw
French Bulldog,12550.8709,,9.9708,high,high,short,female,Brown
Rottweiler,29804.8664,63.9053,9.177,med,high,short,female,Schmitt
French Bulldog,11506.9008,29.0086,10.3217,med,high,short,female,Pace
Daschhund,6817.2637,21.4422,12.9162,high,med,short,female,Harper
French Bulldog,12441.1602,28.641,8.6865,high,med,short,male,Macias
Rottweiler,34074.5034,64.1245,11.1088,med,high,short,male,Callahan
Daschhund,14312.1714,20.7144,13.8343,high,high,short,female,Tate
Boxer,31567.0751,58.0055,9.4203,med,high,med,male,Fleming
French Bulldog,11186.4117,30.1652,10.0906,med,high,short,male,Wilson
French Bulldog,12359.8711,29.2233,9.9689,med,high,short,male,Garrison
Boxer,23277.1644,56.5013,8.1884,high,high,short,female,Hubbard
Daschhund,6993.2037,20.4882,12.8855,high,low,short,female,Ramirez
Daschhund,11441.828,21.5507,13.4684,high,low,short,male,Hill
Rottweiler,43390.8349,62.8458,8.9722,med,high,short,female,Foster
Boxer,30192.1314,59.2364,9.8013,high,high,short,female,Flores
Boxer,29463.662,61.5051,8.631,high,high,short,male,Marshall
Boxer,27652.902,59.8459,8.226,high,high,short,male,Moran
Daschhund,10015.448,,13.7246,high,med,short,male,Hardy
French Bulldog,12223.8086,29.2961,10.5418,low,high,short,female,Miles
French Bulldog,11503.4291,29.416,8.935,med,high,short,female,Ramirez
French Bulldog,12664.3711,,10.2905,med,high,short,male,Stevens
Rottweiler,39208.7848,65.0015,9.0972,med,high,short,female,Herman
French Bulldog,12146.7475,29.7441,10.0162,med,high,short,female,Erickson
French Bulldog,12003.4694,29.0398,9.8096,med,high,short,male,Alvarez
Rottweiler,28926.5829,63.5031,11.6325,high,high,short,female,Bradford
Rottweiler,44331.9668,,9.466,med,high,short,male,Chavez
Boxer,36648.4498,59.7716,9.497,high,high,short,female,Kennedy
Daschhund,8441.8356,20.2329,12.8758,high,med,short,female,Bird
Daschhund,10490.8333,20.7474,13.3199,high,med,short,female,Maldonado
Daschhund,11343.7917,20.7751,11.7619,high,med,short,male,Wilson
Rottweiler,36507.2641,64.1623,9.595,med,high,short,male,Berry
Daschhund,7296.3578,20.872,11.8527,high,med,short,male,Dominguez
Boxer,32746.3917,59.2167,9.0865,high,high,short,male,Miller
Rottweiler,52023.8727,,9.7753,med,high,short,male,White
French Bulldog,12416.9563,28.8391,10.078,med,high,short,male,Gomez
French Bulldog,12472.7872,29.1386,9.6199,med,high,short,male,Johnson
Boxer,33606.2965,,9.215,high,high,short,female,Bennett
French Bulldog,11246.8068,28.203,9.8289,med,high,short,female,Horne
Boxer,34572.971,61.3631,9.6681,high,med,short,female,Cruz
French Bulldog,12298.8662,29.5535,11.0093,high,med,short,male,Williams
Rottweiler,42878.7273,,7.6905,med,high,short,male,Duncan
French Bulldog,11120.7653,28.9269,9.9742,med,high,short,male,Jordan
Rottweiler,43907.9003,,10.6458,med,high,short,female,Patterson
French Bulldog,11566.8268,28.284,9.07,med,high,short,female,Smith
Boxer,31043.5322,57.1705,8.5557,high,high,short,female,Murphy
Rottweiler,54040.225,,9.2162,med,high,short,female,Higgins
Boxer,31493.5255,57.323,9.1946,high,high,med,male,Rodriguez
Daschhund,11153.2325,22.2059,12.5641,high,med,short,male,Horne
French Bulldog,12394.5135,,10.1939,med,high,short,female,Brandon
Rottweiler,47805.9453,64.671,10.3146,high,high,med,male,Patterson
French Bulldog,13050.7164,,10.271,med,high,short,male,Curtis
Daschhund,13022.3316,21.845,12.3437,high,med,short,female,Barrett
French Bulldog,11904.4541,28.6847,9.6331,med,high,short,male,Hays
Rottweiler,52750.4593,61.1722,10.2508,med,high,short,male,Erickson
French Bulldog,12822.5143,28.922,10.9388,med,high,short,male,Church
Daschhund,9620.7446,21.4457,13.8416,high,med,short,female,Waters
Daschhund,9912.2395,22.1181,13.9285,high,med,short,female,Fletcher
Rottweiler,49753.0869,,9.5049,med,high,short,female,Cervantes
Boxer,36034.2355,58.9722,8.7012,high,high,short,male,Stevens
Daschhund,7693.2428,21.1055,12.7438,high,low,short,male,Hughes
Rottweiler,45125.2269,,8.838,med,high,short,female,Frye
Rottweiler,49871.8907,63.3435,8.8965,low,high,short,male,Powers
Boxer,29449.9495,,8.1409,high,high,short,female,Maddox
Boxer,26415.2861,55.9314,8.9598,high,high,short,male,Harper
Daschhund,10935.5946,20.9783,12.9487,high,low,short,male,Hodge
Boxer,25621.6198,57.9322,9.7196,high,high,short,male,Roberts
Boxer,23160.9903,60.1046,9.6842,high,high,short,male,Henry
Boxer,28095.9266,57.5922,9.6902,high,high,short,female,Ryan
Rottweiler,56929.8152,,8.9335,med,med,med,female,Rodriguez
Boxer,25781.0318,56.7513,9.1284,high,med,short,female,Mack
Daschhund,10922.88,21.0664,12.3121,high,med,short,male,White
French Bulldog,12321.5433,,10.2041,low,high,short,male,Wagner
Daschhund,10618.4821,,12.0781,high,high,short,female,Hurst
Daschhund,9033.3765,,12.2986,high,med,short,female,Smith
Daschhund,12345.1685,,12.2091,high,high,short,female,Ann
Boxer,29875.207,56.7877,8.7609,high,high,short,male,Jensen
Boxer,35899.235,59.1203,9.2618,med,med,short,male,Bennett
Boxer,28060.0403,,8.5542,high,high,short,male,Pierce
French Bulldog,11349.479,29.6832,10.3597,low,high,short,male,Dorsey
Rottweiler,50270.7604,60.6761,10.4605,med,med,short,male,Brown
Rottweiler,39653.427,63.3379,8.1597,med,high,short,male,Rogers
French Bulldog,12133.5229,,9.6017,low,high,short,female,Kent
French Bulldog,12972.5363,28.7109,10.2315,med,high,short,female,Gordon
Rottweiler,48068.8424,65.8532,12.2071,med,high,short,male,Smith
Boxer,27748.3315,57.8794,8.7276,med,high,short,male,Bernard
French Bulldog,11144.7906,27.8512,10.4204,high,high,short,male,Porter
Boxer,29302.7248,,9.8356,high,high,short,male,Merritt
Rottweiler,60259.1325,63.9205,9.1802,med,med,short,male,Hendrix
Boxer,22160.9146,61.3336,8.0158,high,high,short,female,Nguyen
Rottweiler,51443.1724,64.6989,9.5998,med,high,short,male,Padilla
Daschhund,10902.1002,19.515,12.7043,high,med,short,female,Meyer
Rottweiler,42412.9382,64.0989,10.4959,med,high,med,male,Morris
Rottweiler,48645.3362,62.8493,9.7555,high,high,short,female,Lowery
Daschhund,6609.3935,21.2014,12.3698,high,med,short,female,Crane
Rottweiler,48462.7313,64.6567,10.0489,med,high,short,male,Stevens
Boxer,32264.9163,58.8038,8.2773,high,high,short,male,Webster
Rottweiler,48120.9005,60.3741,8.743,med,high,short,male,Gillespie
Daschhund,11102.3287,19.8783,12.8697,high,low,short,male,Martin
Rottweiler,51278.7745,64.3195,9.3143,med,high,short,male,Hernandez
Daschhund,6730.5137,21.2285,13.0063,high,med,short,male,Smith
Boxer,33698.1468,60.0077,8.6904,high,high,med,male,Baird
Daschhund,9045.8091,21.1991,13.6287,high,low,short,male,Moore
Rottweiler,56426.6931,,8.7906,high,high,short,male,Ferguson
Rottweiler,52696.1093,63.1059,9.1785,high,high,short,female,Schmidt
Daschhund,16143.0896,21.0926,13.9984,high,med,short,male,Howard
Daschhund,9278.6051,21.4285,13.0244,high,med,short,female,Willis
Boxer,31426.9674,58.0742,9.7202,high,high,short,male,Matthews
Daschhund,12763.2486,20.8391,13.4842,med,med,short,male,Rowe
Rottweiler,43751.0187,62.3436,10.0923,med,high,med,male,Morse
Rottweiler,51151.4147,62.9882,8.2303,med,high,short,female,Stephens
Rottweiler,46476.2913,,8.7535,med,high,short,female,Bentley
Rottweiler,46560.4433,62.5207,9.4372,low,high,short,male,Ramos
Daschhund,7783.6762,20.0555,12.007,high,med,short,male,Walker
French Bulldog,11846.2627,,9.0334,med,high,short,female,White
Boxer,33843.7666,57.7748,9.0028,high,high,short,male,Wilkinson
Daschhund,14965.808,20.8322,12.4606,high,med,short,female,Burch
French Bulldog,11723.0436,29.2976,10.7722,med,high,short,female,Davis
French Bulldog,12004.2865,,10.7187,med,high,med,male,Meyer
Boxer,35069.5383,,8.5322,high,high,short,female,Coleman
French Bulldog,10557.7654,,9.3518,med,high,short,male,Golden
Rottweiler,39150.5336,63.1764,9.7685,med,high,med,male,Gibson
Rottweiler,50327.4664,61.8347,8.8479,med,high,short,female,Smith
French Bulldog,12275.6609,29.5235,10.2049,med,high,short,male,Robinson
French Bulldog,12456.3817,,10.0636,med,high,short,female,Jimenez
Daschhund,11579.9795,21.2607,12.569,high,med,short,female,Underwood
Boxer,23446.461,59.0574,9.3133,high,high,short,male,Mckenzie
Rottweiler,31063.4558,64.7451,10.3027,med,high,med,male,Porter
French Bulldog,11818.7036,29.212,10.5919,med,high,short,male,Thompson
Boxer,28262.8265,58.7114,9.0616,high,high,short,male,Butler
Rottweiler,49773.174,,8.6086,med,high,short,male,Isaac
Boxer,27008.6166,57.1852,9.2966,med,high,short,male,Ramos
Daschhund,8192.9848,19.6811,12.8617,high,med,short,male,Sanders
Rottweiler,44154.176,63.7286,9.2459,med,high,short,male,Gordon
Rottweiler,50023.6689,65.1941,9.2536,med,high,med,male,Fritz
Rottweiler,54353.27,63.0697,8.5049,med,high,short,female,Tran
Rottweiler,38869.6033,63.6792,9.3287,med,high,med,male,Johnson
Rottweiler,42816.1626,62.4747,11.1003,med,high,med,female,Johnson
French Bulldog,12977.9307,,10.1676,med,high,short,male,Flores
Rottweiler,38533.6151,63.8749,9.565,med,high,short,female,Brown
French Bulldog,12017.2102,29.2737,10.1532,low,high,short,female,Mann
Rottweiler,48476.2304,,9.3002,med,high,short,female,Cooley
Boxer,31022.2652,,9.6578,high,high,short,female,Bailey
Boxer,32829.1759,,9.3089,high,high,short,male,Mcguire
Daschhund,11550.9492,,12.5409,high,med,short,male,Ibarra
Daschhund,11654.0009,20.6098,13.5482,med,med,short,female,Peterson
French Bulldog,11976.7582,28.7112,10.2342,med,high,short,female,Colon
French Bulldog,11517.4759,29.7248,10.922,low,high,short,female,Perry
Boxer,32662.6223,59.9157,8.7456,high,high,short,female,Smith
Boxer,32379.7117,59.1262,8.9923,high,high,short,male,Hebert
Daschhund,12723.106,20.7053,12.9342,high,med,short,male,Smith
Boxer,39299.7212,58.225,9.9536,high,high,short,female,Mclaughlin
Rottweiler,51141.6149,61.6517,8.2657,med,high,short,male,Young
Rottweiler,41341.9679,,9.0649,med,high,short,female,Harrington
Daschhund,13245.375,21.3526,12.6296,high,med,short,male,Harris
Boxer,31890.9122,60.7307,7.6252,high,high,med,female,Wise
Rottweiler,46220.8776,,11.1215,med,high,short,female,Cook
Rottweiler,47072.4268,61.8507,11.4207,med,high,med,male,Klein
Boxer,26711.582,60.58,8.9372,high,high,short,male,Bowen
Rottweiler,55610.6785,63.8903,9.4643,med,med,short,female,Krueger
Daschhund,5126.7171,20.4595,13.2802,med,med,short,female,Baxter
French Bulldog,11886.8212,28.4908,10.5788,low,high,short,male,Williams
Daschhund,10990.7796,19.9904,12.4495,low,med,short,female,Ross
French Bulldog,12374.4042,29.8239,9.3723,low,high,short,female,Henderson
Daschhund,8006.6536,20.6852,13.1867,high,med,med,male,Solis
Boxer,29325.3662,58.5606,8.49,high,high,short,male,Jones
French Bulldog,12201.2122,29.5072,9.8246,med,high,short,female,Castro
Rottweiler,37349.3068,63.8586,8.7688,med,high,short,male,Kelly
French Bulldog,12225.6965,29.735,10.0801,med,high,short,male,Campbell
Daschhund,8244.1802,21.5472,13.3851,high,high,short,male,Holmes
French Bulldog,12081.255,29.5063,10.6739,med,high,short,female,Mueller
Daschhund,12660.3396,20.1939,12.9886,high,low,short,male,Thomas
Rottweiler,40838.0733,63.2754,9.1743,med,high,med,female,Bell
French Bulldog,12163.4153,28.7893,9.7864,high,high,med,female,Martinez
Daschhund,6992.7363,21.1666,12.2147,high,med,short,male,Short
Rottweiler,48989.4333,64.7363,10.26,med,high,short,male,Reyes
Rottweiler,53659.2278,63.1041,9.5461,med,high,med,female,Parker
Daschhund,11726.9082,,12.6834,high,med,short,male,Wilson
Boxer,30986.723,59.0453,8.3546,med,high,short,female,Cooper
Boxer,31391.3842,58.7725,9.9911,high,med,short,male,Copeland
French Bulldog,11894.2973,,9.4325,med,high,short,female,Macias
French Bulldog,11537.1407,28.6161,9.5824,med,med,short,female,Hill
Daschhund,12984.8098,21.422,13.3059,high,med,med,female,Miller
Rottweiler,34710.7713,62.6795,11.5235,med,high,short,male,Hammond
Rottweiler,43999.929,61.6935,10.292,med,high,med,male,Walker
French Bulldog,12503.2335,30.2188,9.9438,low,high,med,male,Morrison
Boxer,27803.1262,57.3866,8.4777,high,high,short,male,Martin
Boxer,27653.7369,59.5775,10.657,med,high,short,male,Rivera
French Bulldog,11327.88,29.1994,11.0596,high,med,short,female,Ross
Daschhund,6508.1276,,13.9655,high,med,med,female,Green
Rottweiler,39550.5744,63.803,10.2215,low,high,med,male,Williams
Daschhund,9855.136,,13.2867,high,high,med,female,Snyder
French Bulldog,13072.7605,29.1526,10.03,med,high,short,male,Williams
Daschhund,12188.7185,,12.1591,high,med,short,female,Fuentes
French Bulldog,11557.4414,27.6937,10.2787,med,high,short,male,Martin
Rottweiler,51472.3322,65.3242,9.5752,low,high,short,female,Patterson
Daschhund,18179.1811,,12.3783,high,med,short,male,Contreras
French Bulldog,12127.5063,29.3832,9.2358,med,med,short,female,Lee
French Bulldog,11188.1321,28.7518,10.3166,high,high,short,male,Cunningham
Daschhund,13092.1535,,12.1066,high,med,short,female,Wright
Daschhund,13212.1567,20.2114,13.1216,high,med,short,male,Brewer
French Bulldog,12320.5557,,10.5443,low,high,short,female,Rodriguez
Rottweiler,35686.1187,65.8099,9.4538,med,high,short,female,Wheeler
Boxer,22878.6021,59.088,8.8946,high,med,med,male,Ellis
French Bulldog,11909.4213,28.7759,10.4736,med,high,med,male,Jones
Boxer,27090.7943,60.3284,8.5018,high,high,short,female,Cooper
Rottweiler,53713.8862,62.3714,9.3197,med,high,short,male,Rogers
Rottweiler,54979.1515,63.544,8.2325,low,high,short,male,Larson
Rottweiler,48227.8714,61.3117,9.8154,med,high,short,female,Coleman
Boxer,28279.4466,,8.7327,high,high,short,male,Ray
Rottweiler,58757.0806,63.0601,9.9382,med,high,short,male,Fisher
French Bulldog,12810.3164,28.1265,9.3605,med,high,short,male,Harris
Daschhund,11887.6826,21.2462,13.3251,med,high,short,female,Gomez
Rottweiler,38864.1914,64.1638,9.6502,med,high,short,female,Sims
Rottweiler,48377.6682,61.0276,10.075,med,high,short,male,Morales
Boxer,29939.3323,,9.6473,high,high,short,female,Pham
Daschhund,12104.1875,21.3884,13.0098,high,med,short,female,Baird
Boxer,38683.5374,60.5988,7.2996,high,high,short,female,Cochran
Boxer,30585.7921,61.2404,9.3386,high,high,short,female,Kelley
Rottweiler,41072.8993,,8.2425,med,med,short,male,Reed
Daschhund,4695.928,21.6594,11.9336,high,med,short,male,Hensley
French Bulldog,12041.7126,29.8552,9.9192,med,high,short,female,Vega
Daschhund,4869.6079,20.801,13.5354,high,med,short,female,Wilson
Daschhund,9360.4219,22.2212,12.1776,high,med,short,male,Peterson
Daschhund,8652.4256,21.3275,13.0148,high,med,med,male,Smith
Rottweiler,46338.5572,63.3519,10.0039,med,med,short,female,Castro
French Bulldog,12405.0839,29.2929,9.5589,med,med,short,female,Parks
French Bulldog,11739.3195,28.9297,9.5843,med,high,short,male,Ferguson
Rottweiler,48295.1184,59.3868,10.8593,med,high,short,male,Sweeney
Daschhund,10439.3206,21.7088,12.6632,high,med,short,female,Harris
Boxer,24452.4819,59.8646,11.0056,high,high,short,male,Gray
French Bulldog,12861.0002,28.7099,8.8081,low,med,short,female,Martin
Boxer,30729.6833,57.0543,8.5524,high,high,short,female,Perez
French Bulldog,10865.2161,30.0974,9.9588,med,high,short,female,Phillips
French Bulldog,12159.8919,28.4961,10.8096,med,high,short,male,Hayes
Boxer,24651.8289,,8.5575,high,high,short,male,White
Daschhund,9121.1035,21.6409,12.1749,high,med,med,male,Cox
Boxer,30385.0138,57.7377,9.07,high,high,med,female,Wall
Rottweiler,49841.5439,63.4277,9.1727,med,med,short,female,Hensley
Daschhund,8440.4205,20.8024,12.9092,high,med,short,male,Lewis
Boxer,32139.9445,56.6989,8.8509,high,high,short,female,Armstrong
Boxer,25679.3452,58.5976,9.261,med,high,short,female,Murphy
Rottweiler,37190.6828,65.0668,9.0309,med,high,short,male,Good
French Bulldog,10268.7897,29.4181,10.4291,med,high,short,male,Shepherd
French Bulldog,10835.2763,29.2519,9.6902,low,high,short,female,Velazquez
Boxer,31960.2686,,8.9911,high,high,short,male,Bright
Rottweiler,54589.9076,63.1481,9.324,med,high,short,female,Baird
French Bulldog,12847.5748,28.4347,9.3308,med,high,short,male,Wood
Boxer,23174.7889,59.7193,9.2176,high,high,short,female,Gibson
Daschhund,9954.3925,20.695,13.5554,high,med,short,female,Hopkins
Daschhund,3629.2358,,13.6537,med,med,short,female,Edwards
Rottweiler,49394.9735,63.6896,9.2005,med,high,short,male,Rodriguez
French Bulldog,11304.7454,29.3371,10.2857,high,high,short,male,Kim
Daschhund,11848.5187,20.5376,13.0515,high,med,short,female,Delacruz
Daschhund,13220.995,21.2011,14.2326,med,med,short,female,Bauer
Rottweiler,58458.9449,64.412,9.5099,med,high,med,female,Hayes
Boxer,38144.4871,58.8349,9.6546,med,med,short,female,Stark
Daschhund,5560.6891,19.63,12.723,high,med,short,female,Hancock
Boxer,33250.3877,58.5566,8.6852,high,high,short,male,Mckee
French Bulldog,11774.4472,29.0694,10.6408,med,high,short,female,Dudley
Rottweiler,58000.227,,9.2679,med,med,short,male,Lane
Boxer,30169.5989,56.7643,8.0448,high,high,short,female,Steven
Boxer,22048.1353,59.754,8.2175,high,high,short,female,Garcia
Boxer,29724.7383,60.3814,10.0133,high,high,short,male,Gibbs
French Bulldog,12515.103,28.1548,9.8945,med,high,short,female,Suarez
Daschhund,8433.1334,20.8857,12.7969,med,med,short,male,Dodson
Daschhund,15456.5325,21.8764,12.3422,med,med,short,male,Rogers
French Bulldog,11848.9761,28.3517,9.4256,med,high,short,male,Bell
Daschhund,1900.0171,21.7713,13.3036,high,med,short,female,Anderson
Daschhund,11692.8929,,12.5236,med,med,short,male,Gordon
Rottweiler,44777.6197,64.0779,8.0908,high,high,short,female,Malone
French Bulldog,11959.524,,9.1341,med,high,short,female,Hoover
Boxer,31007.1794,58.7572,9.8532,high,high,short,female,Edwards
Daschhund,7875.2054,21.2402,13.0673,high,med,short,female,Johnson
Boxer,24700.9042,59.5869,9.4153,high,high,med,female,Hogan
French Bulldog,11145.4448,28.5369,10.7119,high,high,short,female,Levine
French Bulldog,12440.7654,29.216,11.011,med,high,short,female,Miller
Daschhund,12279.488,20.5911,13.6177,high,med,med,male,Rivera
Boxer,24331.1272,58.3014,8.3796,high,high,short,male,Rodriguez
Daschhund,11326.5094,,12.3431,high,med,short,female,Tran
Rottweiler,38385.9519,63.1129,10.1199,med,high,short,female,Hall
French Bulldog,11426.5327,,10.1423,med,high,short,male,Cameron
Daschhund,8433.1846,,13.7652,high,med,short,male,Harvey
French Bulldog,13067.7944,28.4223,10.0308,med,high,short,female,Gardner
Rottweiler,35381.8954,63.3363,9.26,low,high,short,female,Quinn
Rottweiler,50628.8478,65.0037,10.9354,low,high,short,male,Price
French Bulldog,12260.4063,29.0671,9.4388,med,high,short,male,Fisher
French Bulldog,12770.4895,29.825,8.5458,med,high,short,male,Williamson
French Bulldog,12033.6386,29.3821,11.045,med,high,short,female,Johnson
Boxer,30745.5656,,8.6828,high,high,short,female,Rodriguez
Rottweiler,51402.6724,62.8718,7.6429,med,med,short,female,Adams
Daschhund,9136.5469,19.7092,12.9906,high,high,med,female,Walker
Rottweiler,50204.1451,65.6693,8.6427,med,high,short,female,Reyes
Daschhund,9615.8878,20.5035,12.7259,high,med,short,female,Spears
Rottweiler,33649.0551,64.3614,10.4646,med,high,short,male,Foster
Daschhund,4418.6802,20.4818,12.2472,high,med,short,female,Miller
French Bulldog,11700.4488,30.0514,10.5303,med,high,med,male,Smith
Rottweiler,31356.7026,64.5122,9.4695,med,high,short,male,Pearson
Daschhund,15491.2415,20.3822,13.1214,high,med,short,female,Henderson
Rottweiler,44251.4603,61.8089,8.0009,low,high,short,female,Collins
Boxer,32104.4049,55.7927,8.8371,high,high,short,female,Cuevas
Daschhund,8832.2185,,12.6021,high,med,med,male,Bailey
Rottweiler,50286.1979,64.6957,8.7418,med,med,short,male,Montgomery
Daschhund,7876.2309,,13.1366,high,med,short,male,Flores
French Bulldog,11410.5243,30.3437,9.2506,med,high,short,male,Mendoza
Boxer,29100.9993,60.5544,9.6086,high,high,short,male,Davidson
French Bulldog,11092.8597,,10.1065,med,high,short,female,Gregory
Rottweiler,56108.8373,62.8542,11.3748,med,high,short,male,Owen
Rottweiler,52600.7208,65.995,9.4498,high,high,short,male,Melissa
French Bulldog,11805.578,28.7705,9.7383,med,high,med,female,Hall
Rottweiler,53371.4314,62.3547,10.059,med,high,short,female,Vang
Boxer,25120.973,59.8689,8.5818,high,high,short,male,Murray
Rottweiler,46892.7819,65.2845,9.9509,med,high,short,male,Franklin
Boxer,22199.5864,,8.8131,high,med,short,female,Berg
French Bulldog,10483.0865,28.5947,10.4274,low,high,short,male,Roberts
Rottweiler,36642.2875,62.3261,8.269,med,high,short,female,Rivera
Boxer,29765.1685,58.6131,9.1476,high,high,short,male,Lozano
Daschhund,8192.83,20.3854,13.2727,high,med,short,male,White
Boxer,35627.0034,,8.7233,high,high,short,female,Johnson
Daschhund,8489.0772,20.995,13.5917,high,med,short,female,Hartman
Rottweiler,52378.1018,64.2058,11.2097,med,high,short,female,Page
Boxer,31778.1614,,9.5298,high,high,short,male,Rogers
Boxer,31808.2943,58.6471,8.0438,med,high,short,female,Adams
Boxer,34040.8134,,8.6132,high,high,short,male,Kevin
French Bulldog,11495.8311,,10.157,high,high,short,male,Oneill
Daschhund,6705.9557,21.7224,13.7312,high,med,short,male,Sullivan
Daschhund,8116.832,,12.3415,high,high,short,female,Hernandez
Boxer,23607.3259,59.5278,9.2488,high,high,short,male,Walker
Daschhund,5983.1623,21.8741,12.8403,high,med,short,female,Christian
Daschhund,10230.3478,19.7053,12.4682,high,med,short,female,Cunningham
Boxer,27072.8624,57.0003,9.1909,med,high,short,female,Miller
Rottweiler,51096.7367,,8.248,med,high,med,female,Patterson
French Bulldog,12864.581,29.0137,9.5004,med,high,med,female,Carter
Rottweiler,46717.9918,62.6295,9.2657,med,high,short,female,Garza
Daschhund,6810.4054,21.167,13.3032,high,med,short,male,Holmes
Daschhund,8586.051,21.5199,13.14,high,med,short,female,Erickson
Boxer,25206.8655,,9.4177,high,high,short,female,Shepherd
French Bulldog,12264.3901,,9.5045,med,high,short,female,Martinez
Boxer,32513.7869,55.9748,9.4099,high,high,short,male,Hernandez
Rottweiler,43447.252,63.0818,8.6581,med,high,med,female,French
Daschhund,10120.0131,21.4814,13.2241,high,high,short,female,Williams
Daschhund,12955.402,,13.2445,high,med,short,female,Campbell
Boxer,24337.5657,,9.5329,high,high,short,male,Gray
French Bulldog,11629.49,28.1481,9.3995,med,high,short,female,Rachel
Boxer,25163.1506,56.4185,9.22,high,high,short,male,Mccall
Daschhund,9597.5181,20.3316,13.5149,med,med,short,male,Ramirez
French Bulldog,12356.9859,28.8695,10.4427,low,high,short,male,Boyd
Boxer,23634.4667,59.3766,8.0301,high,high,short,female,Sanchez
French Bulldog,12355.7745,28.4319,9.9058,med,high,short,male,Pratt
Boxer,35166.2677,60.6396,8.4777,high,high,short,female,Peterson
Daschhund,3025.8921,21.5104,13.1132,med,med,med,female,Camacho
Rottweiler,46241.1529,61.8707,9.8726,med,high,short,female,White
French Bulldog,11691.9766,29.1732,9.8037,med,high,short,male,Ashley
Boxer,26592.3304,57.5769,9.7064,high,high,short,male,Wade
Boxer,38543.0389,57.3481,9.9718,high,med,short,male,Cross
Daschhund,5851.3379,21.3932,12.5903,high,low,short,male,Villa
Daschhund,8979.0755,21.1306,13.5887,high,med,short,male,Hanson
Daschhund,11538.8254,20.6625,12.7676,high,med,short,male,Carlson
Boxer,29776.5947,,8.3933,high,high,med,female,White
French Bulldog,13157.2713,29.1344,9.6731,low,high,short,male,Hoffman
Daschhund,11855.5888,21.0271,13.2234,high,med,short,male,Conner
Boxer,27607.5843,59.6129,9.486,high,high,short,male,Cannon
Boxer,21280.5131,,9.5093,high,high,short,female,Cain
Daschhund,15170.4316,,12.6848,med,low,short,female,Cook
French Bulldog,12291.034,,10.604,med,high,med,female,Lawrence
Rottweiler,54609.4112,62.5349,9.4766,low,high,short,male,Mora
Boxer,32663.0421,54.931,8.8561,high,high,short,female,Goodman
Daschhund,14058.1447,20.9599,12.5355,high,high,short,female,Ramsey
French Bulldog,11419.8032,28.946,9.8384,high,high,short,female,Vargas
Daschhund,12807.2684,20.7565,13.1244,high,med,short,female,Mcmahon
French Bulldog,11355.1026,28.8066,9.8143,low,high,short,male,Ellis
Boxer,30531.5997,59.1446,8.8946,high,high,short,male,Kelley
French Bulldog,10792.3747,,10.2105,high,med,med,male,Walton
Daschhund,8558.5151,20.434,13.3703,high,low,short,female,Gray
Rottweiler,48299.0378,63.1819,10.5154,med,high,med,male,Dean
French Bulldog,12555.179,29.2563,8.3588,low,high,short,female,Armstrong
Boxer,29349.4626,59.6454,9.1097,high,med,short,female,Arroyo
Rottweiler,49056.0795,63.5723,9.7481,med,med,short,male,Gallegos
Boxer,38537.9053,56.9779,8.2273,high,high,short,male,Rivera
French Bulldog,13366.7508,,9.6349,high,high,short,female,Banks
Rottweiler,56811.6474,,9.8829,med,high,short,male,Myers
Boxer,29037.1243,,9.0337,high,high,short,male,Smith
Boxer,27973.8749,,8.9245,high,high,short,male,Boyd
French Bulldog,11831.8667,28.0801,9.9583,med,high,short,male,Crawford
Boxer,28560.3116,56.9131,9.5101,med,high,short,male,Madden
French Bulldog,13306.1802,29.5519,9.8993,med,high,short,male,Potts
French Bulldog,12982.4632,,10.9755,high,high,short,male,Cross
Boxer,36699.3936,58.1083,9.5173,high,high,short,male,Reed
Daschhund,10517.0252,20.8988,12.7196,high,med,short,female,Clements
Boxer,31549.2167,57.2589,9.9017,high,high,short,female,Schneider
French Bulldog,11850.8878,,10.5032,med,high,med,female,Munoz
Daschhund,9638.0828,,12.3849,med,high,short,male,Cross
Rottweiler,59661.8207,62.0041,7.7624,med,high,short,male,Hernandez
Rottweiler,56635.8899,63.9524,9.0026,low,high,short,male,Bell
Daschhund,7831.0076,21.7382,13.888,high,med,short,male,Nunez
French Bulldog,11204.7155,,8.4378,med,high,short,male,Guzman
Rottweiler,34988.8713,62.9165,8.665,med,high,short,female,Nguyen
Boxer,31815.7431,58.2164,8.6813,high,high,short,female,Haley
Rottweiler,38609.0828,62.3042,10.1093,med,high,short,female,Martinez
Rottweiler,51451.5197,65.0371,10.2404,med,high,short,female,Zhang
Daschhund,7454.6297,,13.8224,high,med,short,female,Holden
Daschhund,10843.3441,,12.5311,high,med,short,female,Klein
French Bulldog,11256.3828,29.37,9.5634,med,med,med,female,White
French Bulldog,11212.5242,,10.6797,med,high,med,female,Ryan
French Bulldog,13171.8332,28.9891,10.1923,med,high,short,male,Alexander
Boxer,30110.8058,60.0773,9.1021,high,high,short,female,Dixon
French Bulldog,12355.2299,28.9998,10.432,med,high,short,female,Clark
French Bulldog,11364.5079,29.0005,9.693,med,high,short,male,Mcconnell
Daschhund,9319.009,21.4405,13.703,high,med,short,female,Garcia
French Bulldog,11640.4513,28.9822,9.0839,med,high,short,female,Rose
Rottweiler,41606.7704,60.5591,9.3109,med,high,short,female,Gallagher
Daschhund,11089.3181,20.6954,11.3249,high,med,short,male,Camacho
Boxer,22833.4057,56.651,8.567,high,high,short,male,Chavez
Daschhund,8421.452,21.1378,12.3994,high,med,short,female,Wise
Boxer,36495.6438,59.5651,8.8379,high,high,med,male,Williams
Rottweiler,54665.9288,63.2686,11.6361,med,high,short,male,Thompson
Boxer,23142.2309,59.7755,9.2904,high,high,short,male,Monroe
French Bulldog,11515.9742,27.5956,10.2699,low,med,short,female,Stevens
French Bulldog,11880.4047,27.902,8.6427,med,high,short,female,Martin
Boxer,22458.1638,58.7818,8.5573,high,high,med,female,Hampton
French Bulldog,12113.4546,,10.5371,med,high,short,female,Howell
French Bulldog,11674.2528,29.3307,9.7793,low,high,short,female,Jones
French Bulldog,11439.9175,,9.0422,low,high,short,male,Cline
French Bulldog,12769.5477,29.3858,10.0681,med,high,short,female,Anderson
Daschhund,7651.9383,21.59,13.5439,high,high,short,male,Madden
Boxer,19604.0644,56.222,7.8658,high,high,short,female,Lisa
French Bulldog,12975.9581,28.5149,9.6562,med,high,short,female,Matthews
Daschhund,9819.1495,20.8289,12.821,med,med,short,male,Campos
French Bulldog,12260.9201,29.7349,10.1516,med,med,short,female,Day
Daschhund,12037.9136,21.248,13.0844,high,med,short,female,Gilbert
Rottweiler,38318.1223,63.1272,9.6998,med,high,med,male,Norman
French Bulldog,12046.2024,28.2472,9.4155,med,high,short,male,Miller
Boxer,27134.1527,57.5025,9.0229,high,high,short,male,Schroeder
Daschhund,8248.2572,21.8635,12.0758,med,med,med,female,Stout
French Bulldog,11377.5699,29.4758,10.311,med,high,short,female,Jonathan
Daschhund,7016.6315,20.7883,13.0685,high,med,short,female,Graham
French Bulldog,12518.3923,29.6256,9.7895,med,high,short,female,Stephens
Daschhund,10320.1691,21.9206,13.0367,high,med,short,male,Bryant
French Bulldog,12274.2143,28.7568,9.9102,high,high,short,male,Todd
Rottweiler,41016.8676,61.8541,11.1982,med,high,short,female,Lewis
Rottweiler,53737.4171,60.292,10.4526,med,high,short,male,Fields
Daschhund,7267.9794,21.1421,11.704,high,high,short,male,Collier
Rottweiler,56353.5182,61.1577,8.9682,low,high,short,male,Williams
Daschhund,13346.1379,21.0965,13.0561,high,med,med,female,Beasley
Boxer,32350.6135,55.9681,9.5527,high,med,med,male,Rios
Boxer,34907.3811,59.7144,8.3561,high,high,short,female,Rodriguez
Rottweiler,56896.8919,64.5186,8.4386,med,high,short,female,Barnes
French Bulldog,11669.2907,30.3404,10.8166,med,high,short,male,Jones
Rottweiler,64163.4859,64.3588,9.1971,med,high,med,female,Murphy
French Bulldog,12694.7811,,9.4623,med,high,short,female,Davis
Daschhund,15918.3508,21.3291,13.314,high,high,short,male,Boone
Rottweiler,46097.3971,,8.891,med,high,short,male,Juarez
French Bulldog,12193.335,29.3342,9.4096,med,high,short,female,Williams
Rottweiler,40480.7097,65.6352,8.8263,med,high,short,female,Martinez
French Bulldog,10856.0168,28.7158,9.9452,med,high,short,female,Walsh
Rottweiler,47321.7747,,9.8063,med,high,short,male,Wood
French Bulldog,11829.6626,29.2627,9.8495,med,med,med,female,Good
Boxer,33392.1125,,9.3583,high,med,short,female,Molina
Daschhund,11836.6309,19.8335,13.7636,high,low,short,male,Roberts
Daschhund,11285.6633,,12.6854,high,med,short,female,Patel
Daschhund,7828.5245,20.6189,13.3716,med,med,long,female,Sullivan
Daschhund,10913.0859,,12.6892,high,high,short,female,Robinson
Rottweiler,55761.1119,65.4856,10.7945,med,high,short,female,Peterson
Rottweiler,40394.1757,,9.4026,med,high,short,female,Gibbs
Boxer,34684.3153,59.2263,8.1277,med,high,short,female,Nash
Boxer,26372.8715,57.4631,9.4851,high,high,short,female,Barton
Daschhund,8785.8985,21.5033,12.8523,high,med,med,male,Kristen
Rottweiler,44764.7415,62.5037,10.1888,med,high,short,male,Savage
Rottweiler,43865.6187,64.5107,10.4617,low,high,short,female,Moore
Boxer,30589.7085,61.939,9.3339,high,high,short,male,Elliott
Rottweiler,41842.4096,64.9425,8.8412,med,high,short,male,Mason
Boxer,33959.1479,56.7579,8.9391,high,high,short,male,Lowe
Boxer,29160.4956,58.9937,7.9767,high,high,short,female,Dickerson
Daschhund,11714.1504,21.997,13.9095,high,high,short,female,Smith
Boxer,32314.4314,57.2759,8.4869,high,med,short,female,Steele
French Bulldog,12242.3564,28.8558,9.895,med,high,short,male,Garza
Daschhund,1394.1085,22.4197,13.397,high,med,short,female,Rodgers
Boxer,29676.0084,56.325,10.8299,high,high,short,female,Hernandez
French Bulldog,11951.3785,29.6976,9.6619,low,med,short,male,Willis
French Bulldog,12352.5844,,10.3819,med,high,short,female,Miller
Daschhund,9868.0509,21.074,11.6238,med,med,short,female,Benjamin
Boxer,28431.0881,58.6991,9.2173,high,high,short,female,Wells
Boxer,29180.7165,59.8717,8.5953,high,med,short,female,Murphy
Daschhund,5956.7037,20.996,13.0715,high,med,short,male,Hernandez
Daschhund,5066.1339,21.0674,13.0192,high,high,short,male,Whitehead
Boxer,26295.6432,56.2872,9.3725,high,high,short,female,Zhang
Daschhund,6028.0179,,12.9817,high,high,short,female,Long
Boxer,33155.6086,60.6735,9.7824,high,high,med,female,Knight
Daschhund,5575.1217,19.8799,11.8379,high,med,short,male,Lopez
Boxer,24643.9164,,9.0968,high,high,short,male,Anderson
Rottweiler,45143.4711,61.1634,8.9601,med,high,short,female,Yates
Boxer,28223.3843,59.7848,9.28,high,med,short,female,Butler
Daschhund,13380.9217,20.5633,13.1135,high,med,short,male,Martinez
Daschhund,4925.6545,21.1038,12.1482,high,med,short,male,Acosta
Rottweiler,64248.9757,,9.0234,low,med,short,male,Henderson
French Bulldog,12240.1531,28.9119,10.8884,med,high,short,female,Webster
Rottweiler,47181.1691,64.4871,9.7774,med,high,short,male,Sullivan
Daschhund,14256.2634,20.9665,11.8779,high,low,short,male,Hurst
French Bulldog,11413.6723,30.0349,10.393,med,high,short,female,Scott
Boxer,31703.242,61.4747,8.3894,high,med,med,male,Ramirez
Daschhund,7078.4212,20.7019,13.3049,high,med,short,female,Carpenter
French Bulldog,11604.4024,29.5942,10.3191,low,high,short,male,Day
French Bulldog,11837.6184,29.6441,10.6606,med,high,med,male,Schaefer
French Bulldog,12136.8592,,9.433,med,high,med,male,Ryan
Daschhund,10157.685,21.9453,12.8076,high,low,short,male,Williams
Boxer,28886.218,62.8121,8.8578,high,high,med,female,Spencer
Daschhund,9261.3315,20.6731,13.2545,high,low,short,female,Wright
Boxer,30798.0941,59.4115,9.3991,high,high,short,male,Newman
Daschhund,7156.0667,,13.0127,high,med,med,male,Reid
Boxer,25088.4628,57.8055,9.712,high,med,short,female,Green
Boxer,30676.0368,57.688,8.8741,high,high,med,female,Dorsey
Rottweiler,39180.5713,,9.373,med,high,short,male,Jackson
Boxer,23331.127,61.368,9.9247,high,med,short,female,Newman
Boxer,29509.5218,59.2075,8.8514,med,high,short,male,Bell
Boxer,34463.8893,58.5027,8.9335,high,high,short,male,Adams
French Bulldog,10863.7788,29.5933,9.5517,med,high,med,male,Johnson
Boxer,29148.5844,60.7211,9.2407,high,high,short,female,Cook
Boxer,26710.3514,61.1203,9.0778,med,high,med,male,White
Rottweiler,53709.7354,62.0158,10.2737,low,high,short,male,Warner
French Bulldog,13279.9462,,9.4986,med,high,short,female,Simpson
Daschhund,12180.7187,21.13,12.4247,med,med,short,male,Mendoza
Boxer,24544.5237,57.7674,9.6468,high,high,short,female,Wood
Rottweiler,46758.1109,64.5315,8.3587,med,high,med,male,Brown
Rottweiler,41991.6409,,10.5024,med,high,med,male,Chen
Boxer,23575.6866,56.9573,8.6229,high,high,short,female,Sandoval
Daschhund,8433.2059,21.7517,12.7282,high,high,short,female,Wilson
Boxer,29604.8887,57.6526,7.6424,high,high,short,male,Maddox
Daschhund,16413.846,20.5635,12.4395,high,med,short,male,Gray
Daschhund,7701.9376,20.7374,13.479,high,med,short,female,Ward
French Bulldog,13052.905,28.5807,9.9837,med,high,short,male,Jacobson
Rottweiler,50768.0921,61.3309,10.7989,high,high,med,female,Jones
French Bulldog,11658.1384,,9.9752,med,high,short,female,Wood
Daschhund,14151.872,20.3981,12.8783,high,med,short,female,Berger
Boxer,24756.6241,57.3968,9.1453,high,high,short,male,Williams
Rottweiler,54110.3805,62.9007,8.7205,med,med,short,male,Mcdonald
French Bulldog,12065.8538,29.163,10.9739,low,high,short,male,Rivas
Rottweiler,54671.5261,,9.4236,med,high,short,female,Melendez
Rottweiler,44717.4596,65.1057,8.6447,med,high,short,male,Blevins
Rottweiler,43897.7978,64.7226,8.3261,med,high,short,female,Gallegos
Rottweiler,47840.1318,66.0118,10.2603,med,high,short,female,Hughes
Daschhund,11113.1351,20.7263,12.4916,high,med,med,female,Reyes
Daschhund,12307.2333,21.7633,12.6263,high,med,short,male,Gomez
Rottweiler,43447.5406,62.969,8.4402,med,high,short,female,Spears
Daschhund,10683.0055,,14.0008,high,high,short,male,Cooley
French Bulldog,13054.8162,,9.9341,med,high,short,female,Adams
Rottweiler,47856.0033,63.7738,8.4529,med,high,short,male,Vaughn
Boxer,23512.0285,,8.0566,med,high,short,male,Nelson
French Bulldog,12481.2957,,10.1377,med,high,short,female,Herring
French Bulldog,12441.3353,28.759,10.1206,med,med,short,male,Wright
Rottweiler,52019.7119,61.9635,10.6473,low,med,short,male,Anderson
French Bulldog,11689.2023,,9.6908,med,high,short,male,Daugherty
French Bulldog,12182.3354,29.1399,9.3287,med,high,short,male,Webster
Rottweiler,44810.5005,62.1342,10.7019,med,high,short,male,Schmidt
Boxer,31105.2425,,8.1086,high,high,med,female,Natasha
French Bulldog,11167.7302,29.7483,10.0099,med,high,short,male,Price
French Bulldog,12120.8001,28.6858,10.5907,med,high,short,male,Holloway
French Bulldog,12210.4658,28.4048,10.3035,med,high,short,male,James
Rottweiler,49320.2752,66.1928,9.884,low,high,short,female,Rodriguez
Rottweiler,59898.1718,65.4565,8.5406,high,high,short,female,Chavez
Boxer,36011.5706,58.8902,8.4767,high,high,short,male,Taylor
French Bulldog,12372.4535,29.9571,9.9607,med,med,short,male,Alvarez
Daschhund,11651.0065,20.8034,12.1832,high,med,short,female,Clay
Daschhund,14974.6275,21.1416,13.5812,high,med,short,male,Knight
Daschhund,3663.2556,20.6066,12.7135,high,med,short,female,Hicks
Daschhund,11112.5924,19.6047,13.8162,high,med,short,male,Rivera
Boxer,31356.3441,60.1493,8.6302,med,med,med,female,Collier
Boxer,32248.4229,57.2728,9.0321,high,high,short,male,Gallagher
Rottweiler,39685.9858,63.6111,7.7092,med,high,short,female,Garcia
Boxer,27034.4616,58.146,8.5247,high,high,short,male,Williamson
French Bulldog,11776.0954,28.0189,10.1098,med,high,short,female,Graves
Daschhund,13195.8675,20.8775,13.9044,high,med,short,female,Nelson
Daschhund,10263.3454,21.025,12.5517,high,high,short,female,Harvey
Daschhund,9136.9992,21.1631,12.7661,high,med,short,female,Manning
French Bulldog,11702.0296,29.0277,10.807,med,high,short,male,Woods
Daschhund,6757.0471,20.74,13.2082,high,low,med,male,Andrews
Boxer,33936.5671,,8.9323,high,high,short,male,Robinson
Boxer,30564.5033,60.8125,9.0026,high,med,short,female,Dean
Daschhund,13126.1177,22.1752,12.4355,high,med,short,female,Shah
French Bulldog,12921.4299,28.7661,10.7917,med,high,short,female,Williams
Rottweiler,51851.1464,63.6716,9.4821,med,high,short,male,Ward
French Bulldog,10943.2027,28.9777,10.0317,med,med,short,male,Sloan
Boxer,27055.6541,57.0458,7.744,high,high,short,female,Goodman
Rottweiler,53933.5624,63.047,9.6174,med,high,short,female,Morales
Boxer,29308.5112,56.1814,9.6518,high,high,med,female,Lewis
Boxer,28479.1592,,9.0287,high,high,short,male,Sanders
French Bulldog,11719.5246,30.4253,9.962,med,med,short,female,Soto
Boxer,23371.4613,61.2202,8.4003,high,high,short,female,White
French Bulldog,12707.6487,,10.4825,low,high,short,male,Nielsen
Boxer,27896.8026,59.166,9.6438,med,high,short,male,Harper
Rottweiler,40308.6577,63.1681,9.9713,low,high,short,male,Williams
Boxer,32364.7149,59.7277,8.6621,high,high,short,male,Hendricks
French Bulldog,11950.5722,28.0218,10.6055,high,high,med,female,Stein
Rottweiler,33479.5983,61.6969,10.7486,med,high,short,male,Pierce
Daschhund,15458.153,20.8962,13.7357,high,high,short,male,Grace
French Bulldog,12735.936,28.8564,9.913,med,high,short,male,Ramirez
Daschhund,12135.5082,21.8856,13.6341,med,med,short,female,Thompson
Rottweiler,37675.6538,61.3599,9.411,med,high,med,male,Henderson
Boxer,30016.804,61.3541,8.5619,high,high,short,female,Ellis
Rottweiler,42487.9024,63.4588,9.0297,med,high,short,male,Noble
Boxer,27140.352,,8.5613,high,high,short,male,Williamson
Boxer,34502.1894,61.5398,8.8852,high,high,short,female,Black
Boxer,30097.4378,57.675,8.2741,high,high,short,male,Scott
French Bulldog,11536.7933,,10.0797,high,high,short,male,Hernandez
Boxer,28596.2802,58.6109,8.8821,high,high,short,female,Daniels
French Bulldog,12759.3479,29.8902,10.0456,med,med,short,male,Fisher
French Bulldog,11201.5758,28.9185,9.8038,high,high,short,female,Cruz
Daschhund,3516.5994,,13.0754,med,med,med,male,Yoder
Daschhund,15666.5844,20.7475,12.8452,high,med,short,female,Savage
Boxer,31318.8479,57.9706,9.5286,high,high,short,male,Miller
Rottweiler,47326.2828,60.5571,9.3195,low,high,short,male,Parker
Boxer,33566.2778,,8.0949,high,high,short,female,Norton
Boxer,26362.2431,59.1077,8.6142,high,high,short,male,Phillips
Boxer,27946.0015,54.594,8.6069,med,high,short,male,Armstrong
Daschhund,9321.8016,,12.5651,med,low,short,female,Miller
French Bulldog,11579.9545,28.5732,9.5865,med,high,short,male,Barton
Daschhund,15854.588,21.2631,13.292,high,med,short,female,Carlson
Rottweiler,39387.0372,62.0564,9.4259,med,high,short,male,Gibson
Boxer,32606.9956,56.7782,9.023,high,high,short,male,Colon
Daschhund,8506.586,,12.7309,high,low,short,male,Sutton
Daschhund,8980.1931,20.6938,13.1244,high,med,short,male,Frost
Rottweiler,49843.2024,60.6888,8.4677,med,high,short,male,Munoz
Rottweiler,51849.5986,62.8619,9.82,med,high,short,male,Ryan
Rottweiler,53338.3614,64.1369,8.3164,med,high,short,female,Monroe
French Bulldog,13138.006,29.0426,8.8977,high,high,short,female,Robbins
French Bulldog,12974.1768,28.6109,9.3633,med,high,short,male,Mills
Rottweiler,39466.0085,62.2011,9.0932,med,high,med,female,Copeland
French Bulldog,12134.136,28.7373,10.4027,high,high,short,male,Stevens
Rottweiler,57918.6288,63.3461,10.2008,med,high,short,male,Ward
Daschhund,10157.8326,21.6362,12.6218,high,low,short,male,Simpson
Daschhund,14244.8935,21.5521,13.551,high,med,short,male,Brooks
French Bulldog,12141.2014,30.0725,10.5274,low,high,short,female,Jimenez
Rottweiler,43352.0841,63.4392,9.7323,med,high,short,male,Kane
Daschhund,10629.1147,20.7624,12.069,high,med,med,male,Anderson
Rottweiler,58478.2452,62.7865,10.6312,med,high,med,male,Vance
Daschhund,16649.48,,12.2952,med,med,short,male,Roberts
Rottweiler,43885.0238,,10.1123,med,high,short,female,Evans
Rottweiler,42644.5119,63.3501,10.8958,med,high,short,female,Wolf
Daschhund,11023.2854,20.6507,12.9628,high,high,short,male,Armstrong
French Bulldog,11585.6424,29.7205,9.699,med,high,short,female,Wilson
Rottweiler,52953.1076,,10.1279,low,high,short,male,Campbell
Daschhund,15367.4954,21.8401,11.7753,high,med,short,male,Sparks
Boxer,29730.0336,58.5678,9.0694,high,high,short,male,Fleming
French Bulldog,11670.8839,29.3921,9.0456,med,high,short,male,Sanders
Boxer,25034.8082,56.6006,9.5303,high,med,short,female,Acevedo
Boxer,26038.2178,56.2306,9.3431,med,high,short,male,Lopez
French Bulldog,11578.7846,28.5815,9.8893,med,high,short,female,Smith
Rottweiler,49628.159,66.2544,8.8209,med,high,short,male,Patton
Rottweiler,46827.5508,64.9691,10.9894,med,high,med,female,Larson
Boxer,22370.4049,59.4916,9.3553,med,high,short,female,Palmer
Daschhund,8922.0918,20.1411,12.8782,high,med,short,female,Osborne
Rottweiler,51307.3333,62.8836,8.4321,med,high,med,male,Greene
Daschhund,12085.7656,,12.76,high,low,med,female,Ward
Daschhund,17724.9355,21.3422,13.342,med,low,med,male,Dickson
Rottweiler,50081.5066,63.4346,8.248,med,high,short,male,Saunders
French Bulldog,12076.9652,29.3313,10.2552,med,high,short,male,Khan
Boxer,31678.0765,59.5516,9.536,high,high,short,female,Fisher
Rottweiler,57204.6679,,10.4963,med,high,short,male,Roth
Rottweiler,54931.3027,63.3874,7.3573,med,high,short,male,Stein
French Bulldog,10961.164,,9.2881,med,high,short,female,Ross
Daschhund,9047.836,,13.4437,high,high,short,male,Arnold
Boxer,31079.6348,54.0941,9.0456,med,high,short,female,Hoffman
French Bulldog,11203.8323,30.043,9.1086,med,high,short,male,Obrien
Rottweiler,41813.1389,63.0281,8.5755,med,med,short,female,Jackson
Boxer,29579.6361,58.8149,9.5722,high,high,short,female,Warner
French Bulldog,11355.3764,29.5217,9.6796,med,med,short,male,Lewis
Boxer,25813.0307,,9.634,high,high,short,female,Jones
Boxer,27657.5756,57.4726,8.8513,med,high,short,female,Chavez
Boxer,27825.9485,57.7151,8.7725,high,high,short,female,Henderson
French Bulldog,12599.6343,29.3598,9.2744,med,high,short,male,Anderson
French Bulldog,11090.5928,29.7903,9.6085,med,high,short,female,Bennett
French Bulldog,12570.3302,29.1878,9.6126,low,med,short,male,Richards
French Bulldog,12118.832,,9.6115,med,high,short,male,Alvarez
French Bulldog,12871.437,29.2969,10.5905,med,high,short,female,Howard
Daschhund,10390.656,,12.8319,med,med,med,male,Middleton
Daschhund,8566.9428,19.8934,13.3065,high,med,short,male,Hill
Rottweiler,45605.7904,64.113,9.5603,med,med,short,male,Gregory
Rottweiler,56837.0251,63.1575,8.5742,med,high,short,male,Werner
Daschhund,4556.4115,20.8604,13.6409,high,med,short,female,Gonzalez
Daschhund,7779.6153,21.4717,13.0994,high,med,short,male,Austin
Daschhund,10314.014,19.8849,13.7887,high,med,short,male,Perez
Daschhund,9004.7775,21.4185,12.1717,high,med,med,male,Love
Daschhund,8306.4798,20.0369,12.9607,med,med,short,female,Smith
Rottweiler,48838.1152,,9.9966,low,high,med,female,Villa
Daschhund,9847.0518,20.5863,14.3913,high,low,short,female,Howard
Daschhund,13184.9095,20.8852,13.0734,high,low,short,female,Avila
Boxer,29900.5068,60.1786,8.413,high,high,short,male,Chen
French Bulldog,12328.4758,,10.1627,med,high,short,male,Lewis
French Bulldog,11887.0003,27.6763,11.2151,med,high,short,female,Whitney
Daschhund,13663.9827,,12.7939,med,med,short,female,Davies
French Bulldog,12876.2874,29.1001,10.9236,med,high,short,female,Smith
Boxer,30034.8716,,8.7834,med,high,med,female,Castaneda
French Bulldog,12786.5835,28.5944,9.0584,med,high,short,female,Callahan
Daschhund,9539.7102,,13.2878,high,med,short,male,Ponce
Rottweiler,31919.08,63.1919,9.7278,med,high,short,female,Davies
French Bulldog,12461.2515,29.0032,9.149,med,high,short,female,Griffin
Daschhund,7440.012,20.9051,12.3654,high,med,short,male,Bell
French Bulldog,12474.6448,29.2962,9.6762,med,med,short,female,Stewart
Boxer,35723.8362,60.8178,8.7698,high,high,short,male,Hurley
French Bulldog,11058.7074,29.5597,9.4996,high,high,short,female,Oneill
Rottweiler,50804.0227,63.8342,11.0799,med,high,short,female,Lowe
Daschhund,10279.8807,,14.2382,high,med,short,male,Ortiz
Daschhund,10412.5896,20.9455,13.0778,high,high,short,male,Anderson
Rottweiler,51323.1674,61.4094,8.8226,high,high,med,male,Meyer
Boxer,28434.2577,57.9896,9.218,high,high,short,male,Salinas
French Bulldog,12637.7792,28.4742,10.3282,med,med,short,male,Smith
Boxer,24628.465,59.3578,9.9534,high,high,short,female,Jones
Boxer,30376.3533,55.3065,9.904,high,high,short,male,Walker
Daschhund,1849.7551,20.5031,13.6752,high,med,short,male,Edwards
Daschhund,5773.25,21.5701,13.2022,high,med,short,female,Parker
Daschhund,13369.5657,21.0244,12.4363,high,med,short,male,Sanchez
Daschhund,10400.9382,20.1653,13.6458,high,high,short,female,Chen
French Bulldog,11853.8906,28.9064,11.2836,med,high,short,male,Hicks
Rottweiler,51504.4556,60.0279,9.9587,med,high,short,female,Hopkins
Boxer,29150.6329,60.4473,9.154,high,high,short,male,Kim
Boxer,28230.9872,58.7253,9.6279,high,high,short,female,Kelley
Daschhund,14067.2741,21.1837,13.4985,high,med,med,male,Smith
Boxer,32245.9048,58.2931,9.2012,high,high,short,male,Kim
French Bulldog,11409.1771,30.1649,10.2496,high,high,short,male,Bird
Daschhund,14686.9671,,13.6906,high,med,short,male,Boyd
Rottweiler,55786.1446,,10.8748,med,med,short,female,Johnston
French Bulldog,11467.5785,,9.5984,high,high,short,male,Joshua
Boxer,24241.9792,57.8518,8.6568,high,high,short,female,Mora
Rottweiler,45844.9726,63.9112,10.2295,med,high,short,female,Larson
Rottweiler,50519.54,63.267,10.4078,low,high,short,female,Stevens
Daschhund,6258.847,21.1796,13.2934,high,med,short,male,Ashley
Boxer,25554.0873,58.1334,9.3745,high,high,short,male,Forbes
Boxer,30139.8816,57.1899,8.5355,high,high,short,male,Perez
French Bulldog,11873.4525,28.8444,9.4336,med,high,short,male,Bryant
Rottweiler,42762.884,62.8118,10.2875,med,high,short,male,Moyer
Boxer,27241.081,56.8091,8.8244,high,high,short,male,Barnes
French Bulldog,12630.0283,29.2816,8.7841,low,med,short,male,Fox
Rottweiler,49359.4958,63.1583,9.9391,med,med,short,male,Carroll
Daschhund,13045.9701,21.378,12.1966,high,high,short,female,Guerra
French Bulldog,11693.1726,29.1932,10.9508,med,high,short,female,Greer
Daschhund,8098.6169,21.0891,13.0566,high,med,short,female,Price
French Bulldog,12201.9651,28.1063,10.6891,med,high,short,male,Cline
Rottweiler,41536.5839,64.1044,10.2878,med,high,short,male,Diaz
Daschhund,16639.3187,19.5783,12.3226,high,med,short,male,Daniel
Daschhund,13858.5356,19.5175,13.5454,high,med,short,female,Chavez
Daschhund,7286.9605,21.129,13.9737,high,med,med,male,Smith
French Bulldog,12426.8462,29.821,10.4122,med,med,short,male,Newman
French Bulldog,12757.1058,,10.5214,med,high,short,female,Costa
French Bulldog,12129.7104,28.2513,10.1238,med,med,short,female,Graham
Daschhund,4125.0133,21.3589,12.6974,high,med,short,female,Hansen
Boxer,27448.2368,59.7574,8.8647,high,med,short,male,Walker
Boxer,28190.1431,57.4557,10.478,high,high,short,male,Juarez
Rottweiler,54565.635,,9.6516,med,high,short,male,James
Rottweiler,60210.9167,62.6459,10.1353,high,high,short,female,Thomas
French Bulldog,12274.2842,29.5311,9.389,low,high,short,female,Gould
Boxer,25051.6925,,9.0389,high,high,short,female,Rodriguez
Rottweiler,40656.0229,65.1525,8.7953,low,high,short,male,Moss
Daschhund,8239.0053,21.1305,12.9638,high,med,short,male,Moore
Boxer,23765.7135,,9.5578,high,high,short,female,Williams
Boxer,25137.1067,,8.7694,high,med,short,female,Burns
Daschhund,8812.9805,21.8119,12.3592,high,med,med,male,King
French Bulldog,10839.2803,29.8495,10.2413,high,med,short,female,Stewart
Rottweiler,42544.9047,60.6309,10.3064,med,med,short,male,Smith
Rottweiler,46400.1942,63.6355,9.125,med,high,short,male,Pope
French Bulldog,11364.4773,28.7522,10.3688,low,high,short,male,Walker
Daschhund,15813.8826,,13.9855,high,med,short,male,Contreras
Rottweiler,54586.6371,65.1631,9.1561,med,high,short,female,Vincent
Rottweiler,54391.5109,61.137,9.4394,med,high,short,male,Horne
Boxer,31799.944,60.1759,8.7194,high,high,short,male,Gibbs
French Bulldog,11364.4785,29.1134,10.5743,med,high,short,male,Mack
Boxer,28689.7875,57.8323,8.425,high,med,short,male,Davidson
Boxer,28054.1641,56.9917,9.4236,high,high,short,male,Lopez
Rottweiler,46808.968,61.6829,8.9413,med,high,short,female,Mccall
Rottweiler,47438.9771,63.4206,10.323,med,high,short,male,Jones
Boxer,26550.7095,56.9111,10.351,high,high,short,male,Ho
Boxer,30554.5819,61.6317,7.8884,high,med,short,female,Watson
Daschhund,10973.6992,20.5212,11.6981,high,med,med,male,Levy
